"endpoint","phase","iteration","elapsed_ms","status","task_id","idempotent_replay","error"
"material_parse_replay","warmup","1","81.811","202","706c91dc-f649-4495-8374-e43a2f539640",,
"material_parse_replay","warmup","2","16.232","202","706c91dc-f649-4495-8374-e43a2f539640",,
"material_parse_replay","warmup","3","15.068","202","706c91dc-f649-4495-8374-e43a2f539640",,
"material_parse_replay","warmup","4","14.662","202","706c91dc-f649-4495-8374-e43a2f539640",,
"material_parse_replay","warmup","5","14.516","202","706c91dc-f649-4495-8374-e43a2f539640",,
"material_parse_replay","warmup","6","11.727","202","706c91dc-f649-4495-8374-e43a2f539640",,
"material_parse_replay","warmup","7","14.909","202","706c91dc-f649-4495-8374-e43a2f539640",,
"material_parse_replay","warmup","8","12.678","202","706c91dc-f649-4495-8374-e43a2f539640",,
"material_parse_replay","warmup","9","11.965","202","706c91dc-f649-4495-8374-e43a2f539640",,
"material_parse_replay","warmup","10","12.196","202","706c91dc-f649-4495-8374-e43a2f539640",,
"material_parse_replay","measurement","11","9.909","202","706c91dc-f649-4495-8374-e43a2f539640",,
"material_parse_replay","measurement","12","13.224","202","706c91dc-f649-4495-8374-e43a2f539640",,
"material_parse_replay","measurement","13","12.916","202","706c91dc-f649-4495-8374-e43a2f539640",,
"material_parse_replay","measurement","14","11.884","202","706c91dc-f649-4495-8374-e43a2f539640",,
"material_parse_replay","measurement","15","11.69","202","706c91dc-f649-4495-8374-e43a2f539640",,
"material_parse_replay","measurement","16","16.891","202","706c91dc-f649-4495-8374-e43a2f539640",,
"material_parse_replay","measurement","17","14.641","202","706c91dc-f649-4495-8374-e43a2f539640",,
"material_parse_replay","measurement","18","13.388","202","706c91dc-f649-4495-8374-e43a2f539640",,
"material_parse_replay","measurement","19","52.878","202","706c91dc-f649-4495-8374-e43a2f539640",,
"material_parse_replay","measurement","20","13.969","202","706c91dc-f649-4495-8374-e43a2f539640",,
"material_parse_replay","measurement","21","13.694","202","706c91dc-f649-4495-8374-e43a2f539640",,
"material_parse_replay","measurement","22","14.483","202","706c91dc-f649-4495-8374-e43a2f539640",,
"material_parse_replay","measurement","23","10.081","202","706c91dc-f649-4495-8374-e43a2f539640",,
"material_parse_replay","measurement","24","11.465","202","706c91dc-f649-4495-8374-e43a2f539640",,
"material_parse_replay","measurement","25","10.613","202","706c91dc-f649-4495-8374-e43a2f539640",,
"material_parse_replay","measurement","26","11.096","202","706c91dc-f649-4495-8374-e43a2f539640",,
"material_parse_replay","measurement","27","10.11","202","706c91dc-f649-4495-8374-e43a2f539640",,
"material_parse_replay","measurement","28","9.668","202","706c91dc-f649-4495-8374-e43a2f539640",,
"material_parse_replay","measurement","29","10.189","202","706c91dc-f649-4495-8374-e43a2f539640",,
"material_parse_replay","measurement","30","10.249","202","706c91dc-f649-4495-8374-e43a2f539640",,
"material_parse_replay","measurement","31","10.076","202","706c91dc-f649-4495-8374-e43a2f539640",,
"material_parse_replay","measurement","32","12.22","202","706c91dc-f649-4495-8374-e43a2f539640",,
"material_parse_replay","measurement","33","10.793","202","706c91dc-f649-4495-8374-e43a2f539640",,
"material_parse_replay","measurement","34","13.845","202","706c91dc-f649-4495-8374-e43a2f539640",,
"material_parse_replay","measurement","35","11.177","202","706c91dc-f649-4495-8374-e43a2f539640",,
"material_parse_replay","measurement","36","10.406","202","706c91dc-f649-4495-8374-e43a2f539640",,
"material_parse_replay","measurement","37","12.637","202","706c91dc-f649-4495-8374-e43a2f539640",,
"material_parse_replay","measurement","38","12.717","202","706c91dc-f649-4495-8374-e43a2f539640",,
"material_parse_replay","measurement","39","16.772","202","706c91dc-f649-4495-8374-e43a2f539640",,
"material_parse_replay","measurement","40","9.204","202","706c91dc-f649-4495-8374-e43a2f539640",,
"material_parse_replay","measurement","41","9.585","202","706c91dc-f649-4495-8374-e43a2f539640",,
"material_parse_replay","measurement","42","11.156","202","706c91dc-f649-4495-8374-e43a2f539640",,
"material_parse_replay","measurement","43","18.623","202","706c91dc-f649-4495-8374-e43a2f539640",,
"material_parse_replay","measurement","44","14.134","202","706c91dc-f649-4495-8374-e43a2f539640",,
"material_parse_replay","measurement","45","14.581","202","706c91dc-f649-4495-8374-e43a2f539640",,
"material_parse_replay","measurement","46","14.257","202","706c91dc-f649-4495-8374-e43a2f539640",,
"material_parse_replay","measurement","47","11.719","202","706c91dc-f649-4495-8374-e43a2f539640",,
"material_parse_replay","measurement","48","12.028","202","706c91dc-f649-4495-8374-e43a2f539640",,
"material_parse_replay","measurement","49","10.747","202","706c91dc-f649-4495-8374-e43a2f539640",,
"material_parse_replay","measurement","50","12.433","202","706c91dc-f649-4495-8374-e43a2f539640",,
"material_parse_replay","measurement","51","11.294","202","706c91dc-f649-4495-8374-e43a2f539640",,
"material_parse_replay","measurement","52","11.253","202","706c91dc-f649-4495-8374-e43a2f539640",,
"material_parse_replay","measurement","53","10.342","202","706c91dc-f649-4495-8374-e43a2f539640",,
"material_parse_replay","measurement","54","9.381","202","706c91dc-f649-4495-8374-e43a2f539640",,
"material_parse_replay","measurement","55","10.826","202","706c91dc-f649-4495-8374-e43a2f539640",,
"material_parse_replay","measurement","56","10.691","202","706c91dc-f649-4495-8374-e43a2f539640",,
"material_parse_replay","measurement","57","12.317","202","706c91dc-f649-4495-8374-e43a2f539640",,
"material_parse_replay","measurement","58","10.534","202","706c91dc-f649-4495-8374-e43a2f539640",,
"material_parse_replay","measurement","59","11.129","202","706c91dc-f649-4495-8374-e43a2f539640",,
"material_parse_replay","measurement","60","11.003","202","706c91dc-f649-4495-8374-e43a2f539640",,
"material_parse_replay","measurement","61","12.131","202","706c91dc-f649-4495-8374-e43a2f539640",,
"material_parse_replay","measurement","62","10.989","202","706c91dc-f649-4495-8374-e43a2f539640",,
"material_parse_replay","measurement","63","13.826","202","706c91dc-f649-4495-8374-e43a2f539640",,
"material_parse_replay","measurement","64","12.858","202","706c91dc-f649-4495-8374-e43a2f539640",,
"material_parse_replay","measurement","65","13.222","202","706c91dc-f649-4495-8374-e43a2f539640",,
"material_parse_replay","measurement","66","11.248","202","706c91dc-f649-4495-8374-e43a2f539640",,
"material_parse_replay","measurement","67","10.136","202","706c91dc-f649-4495-8374-e43a2f539640",,
"material_parse_replay","measurement","68","10.345","202","706c91dc-f649-4495-8374-e43a2f539640",,
"material_parse_replay","measurement","69","9.455","202","706c91dc-f649-4495-8374-e43a2f539640",,
"material_parse_replay","measurement","70","12.775","202","706c91dc-f649-4495-8374-e43a2f539640",,
"material_parse_replay","measurement","71","16.463","202","706c91dc-f649-4495-8374-e43a2f539640",,
"material_parse_replay","measurement","72","16.638","202","706c91dc-f649-4495-8374-e43a2f539640",,
"material_parse_replay","measurement","73","20.697","202","706c91dc-f649-4495-8374-e43a2f539640",,
"material_parse_replay","measurement","74","18.611","202","706c91dc-f649-4495-8374-e43a2f539640",,
"material_parse_replay","measurement","75","13.362","202","706c91dc-f649-4495-8374-e43a2f539640",,
"material_parse_replay","measurement","76","15.24","202","706c91dc-f649-4495-8374-e43a2f539640",,
"material_parse_replay","measurement","77","12.034","202","706c91dc-f649-4495-8374-e43a2f539640",,
"material_parse_replay","measurement","78","12.009","202","706c91dc-f649-4495-8374-e43a2f539640",,
"material_parse_replay","measurement","79","13.187","202","706c91dc-f649-4495-8374-e43a2f539640",,
"material_parse_replay","measurement","80","12.438","202","706c91dc-f649-4495-8374-e43a2f539640",,
"material_parse_replay","measurement","81","11.676","202","706c91dc-f649-4495-8374-e43a2f539640",,
"material_parse_replay","measurement","82","13.032","202","706c91dc-f649-4495-8374-e43a2f539640",,
"material_parse_replay","measurement","83","11.762","202","706c91dc-f649-4495-8374-e43a2f539640",,
"material_parse_replay","measurement","84","13.126","202","706c91dc-f649-4495-8374-e43a2f539640",,
"material_parse_replay","measurement","85","13.909","202","706c91dc-f649-4495-8374-e43a2f539640",,
"material_parse_replay","measurement","86","13.603","202","706c91dc-f649-4495-8374-e43a2f539640",,
"material_parse_replay","measurement","87","17.918","202","706c91dc-f649-4495-8374-e43a2f539640",,
"material_parse_replay","measurement","88","11.369","202","706c91dc-f649-4495-8374-e43a2f539640",,
"material_parse_replay","measurement","89","9.971","202","706c91dc-f649-4495-8374-e43a2f539640",,
"material_parse_replay","measurement","90","12.063","202","706c91dc-f649-4495-8374-e43a2f539640",,
"material_parse_replay","measurement","91","11.198","202","706c91dc-f649-4495-8374-e43a2f539640",,
"material_parse_replay","measurement","92","10.198","202","706c91dc-f649-4495-8374-e43a2f539640",,
"material_parse_replay","measurement","93","12.296","202","706c91dc-f649-4495-8374-e43a2f539640",,
"material_parse_replay","measurement","94","10.89","202","706c91dc-f649-4495-8374-e43a2f539640",,
"material_parse_replay","measurement","95","9.307","202","706c91dc-f649-4495-8374-e43a2f539640",,
"material_parse_replay","measurement","96","9.107","202","706c91dc-f649-4495-8374-e43a2f539640",,
"material_parse_replay","measurement","97","9.682","202","706c91dc-f649-4495-8374-e43a2f539640",,
"material_parse_replay","measurement","98","13.672","202","706c91dc-f649-4495-8374-e43a2f539640",,
"material_parse_replay","measurement","99","10.646","202","706c91dc-f649-4495-8374-e43a2f539640",,
"material_parse_replay","measurement","100","11.607","202","706c91dc-f649-4495-8374-e43a2f539640",,
"material_parse_replay","measurement","101","10.806","202","706c91dc-f649-4495-8374-e43a2f539640",,
"material_parse_replay","measurement","102","12.11","202","706c91dc-f649-4495-8374-e43a2f539640",,
"material_parse_replay","measurement","103","10.922","202","706c91dc-f649-4495-8374-e43a2f539640",,
"material_parse_replay","measurement","104","11.29","202","706c91dc-f649-4495-8374-e43a2f539640",,
"material_parse_replay","measurement","105","10.801","202","706c91dc-f649-4495-8374-e43a2f539640",,
"material_parse_replay","measurement","106","10.805","202","706c91dc-f649-4495-8374-e43a2f539640",,
"material_parse_replay","measurement","107","11.189","202","706c91dc-f649-4495-8374-e43a2f539640",,
"material_parse_replay","measurement","108","12.046","202","706c91dc-f649-4495-8374-e43a2f539640",,
"material_parse_replay","measurement","109","10.526","202","706c91dc-f649-4495-8374-e43a2f539640",,
"material_parse_replay","measurement","110","8.603","202","706c91dc-f649-4495-8374-e43a2f539640",,
"plan_replay","warmup","1","61.773","202","efbc99d0-f2a7-4d5b-b373-23ca8cb6a709","True",
"plan_replay","warmup","2","15.341","202","efbc99d0-f2a7-4d5b-b373-23ca8cb6a709","True",
"plan_replay","warmup","3","19.396","202","efbc99d0-f2a7-4d5b-b373-23ca8cb6a709","True",
"plan_replay","warmup","4","14.779","202","efbc99d0-f2a7-4d5b-b373-23ca8cb6a709","True",
"plan_replay","warmup","5","11.664","202","efbc99d0-f2a7-4d5b-b373-23ca8cb6a709","True",
"plan_replay","warmup","6","11.523","202","efbc99d0-f2a7-4d5b-b373-23ca8cb6a709","True",
"plan_replay","warmup","7","12.443","202","efbc99d0-f2a7-4d5b-b373-23ca8cb6a709","True",
"plan_replay","warmup","8","12.242","202","efbc99d0-f2a7-4d5b-b373-23ca8cb6a709","True",
"plan_replay","warmup","9","11.288","202","efbc99d0-f2a7-4d5b-b373-23ca8cb6a709","True",
"plan_replay","warmup","10","11.24","202","efbc99d0-f2a7-4d5b-b373-23ca8cb6a709","True",
"plan_replay","measurement","11","10.587","202","efbc99d0-f2a7-4d5b-b373-23ca8cb6a709","True",
"plan_replay","measurement","12","11.43","202","efbc99d0-f2a7-4d5b-b373-23ca8cb6a709","True",
"plan_replay","measurement","13","9.589","202","efbc99d0-f2a7-4d5b-b373-23ca8cb6a709","True",
"plan_replay","measurement","14","11.342","202","efbc99d0-f2a7-4d5b-b373-23ca8cb6a709","True",
"plan_replay","measurement","15","10.776","202","efbc99d0-f2a7-4d5b-b373-23ca8cb6a709","True",
"plan_replay","measurement","16","10.842","202","efbc99d0-f2a7-4d5b-b373-23ca8cb6a709","True",
"plan_replay","measurement","17","11.103","202","efbc99d0-f2a7-4d5b-b373-23ca8cb6a709","True",
"plan_replay","measurement","18","13.382","202","efbc99d0-f2a7-4d5b-b373-23ca8cb6a709","True",
"plan_replay","measurement","19","10.474","202","efbc99d0-f2a7-4d5b-b373-23ca8cb6a709","True",
"plan_replay","measurement","20","10.405","202","efbc99d0-f2a7-4d5b-b373-23ca8cb6a709","True",
"plan_replay","measurement","21","11.653","202","efbc99d0-f2a7-4d5b-b373-23ca8cb6a709","True",
"plan_replay","measurement","22","11.246","202","efbc99d0-f2a7-4d5b-b373-23ca8cb6a709","True",
"plan_replay","measurement","23","16.862","202","efbc99d0-f2a7-4d5b-b373-23ca8cb6a709","True",
"plan_replay","measurement","24","10.388","202","efbc99d0-f2a7-4d5b-b373-23ca8cb6a709","True",
"plan_replay","measurement","25","10.582","202","efbc99d0-f2a7-4d5b-b373-23ca8cb6a709","True",
"plan_replay","measurement","26","10.725","202","efbc99d0-f2a7-4d5b-b373-23ca8cb6a709","True",
"plan_replay","measurement","27","10.83","202","efbc99d0-f2a7-4d5b-b373-23ca8cb6a709","True",
"plan_replay","measurement","28","11.507","202","efbc99d0-f2a7-4d5b-b373-23ca8cb6a709","True",
"plan_replay","measurement","29","19.462","202","efbc99d0-f2a7-4d5b-b373-23ca8cb6a709","True",
"plan_replay","measurement","30","22.905","202","efbc99d0-f2a7-4d5b-b373-23ca8cb6a709","True",
"plan_replay","measurement","31","30.569","202","efbc99d0-f2a7-4d5b-b373-23ca8cb6a709","True",
"plan_replay","measurement","32","16.659","202","efbc99d0-f2a7-4d5b-b373-23ca8cb6a709","True",
"plan_replay","measurement","33","17.894","202","efbc99d0-f2a7-4d5b-b373-23ca8cb6a709","True",
"plan_replay","measurement","34","16.214","202","efbc99d0-f2a7-4d5b-b373-23ca8cb6a709","True",
"plan_replay","measurement","35","13.956","202","efbc99d0-f2a7-4d5b-b373-23ca8cb6a709","True",
"plan_replay","measurement","36","12.301","202","efbc99d0-f2a7-4d5b-b373-23ca8cb6a709","True",
"plan_replay","measurement","37","10.857","202","efbc99d0-f2a7-4d5b-b373-23ca8cb6a709","True",
"plan_replay","measurement","38","10.378","202","efbc99d0-f2a7-4d5b-b373-23ca8cb6a709","True",
"plan_replay","measurement","39","11.535","202","efbc99d0-f2a7-4d5b-b373-23ca8cb6a709","True",
"plan_replay","measurement","40","12.529","202","efbc99d0-f2a7-4d5b-b373-23ca8cb6a709","True",
"plan_replay","measurement","41","10.021","202","efbc99d0-f2a7-4d5b-b373-23ca8cb6a709","True",
"plan_replay","measurement","42","9.994","202","efbc99d0-f2a7-4d5b-b373-23ca8cb6a709","True",
"plan_replay","measurement","43","10.278","202","efbc99d0-f2a7-4d5b-b373-23ca8cb6a709","True",
"plan_replay","measurement","44","10.047","202","efbc99d0-f2a7-4d5b-b373-23ca8cb6a709","True",
"plan_replay","measurement","45","10.226","202","efbc99d0-f2a7-4d5b-b373-23ca8cb6a709","True",
"plan_replay","measurement","46","13.148","202","efbc99d0-f2a7-4d5b-b373-23ca8cb6a709","True",
"plan_replay","measurement","47","19.214","202","efbc99d0-f2a7-4d5b-b373-23ca8cb6a709","True",
"plan_replay","measurement","48","19.35","202","efbc99d0-f2a7-4d5b-b373-23ca8cb6a709","True",
"plan_replay","measurement","49","13.08","202","efbc99d0-f2a7-4d5b-b373-23ca8cb6a709","True",
"plan_replay","measurement","50","12.569","202","efbc99d0-f2a7-4d5b-b373-23ca8cb6a709","True",
"plan_replay","measurement","51","9.885","202","efbc99d0-f2a7-4d5b-b373-23ca8cb6a709","True",
"plan_replay","measurement","52","11.773","202","efbc99d0-f2a7-4d5b-b373-23ca8cb6a709","True",
"plan_replay","measurement","53","10.373","202","efbc99d0-f2a7-4d5b-b373-23ca8cb6a709","True",
"plan_replay","measurement","54","9.138","202","efbc99d0-f2a7-4d5b-b373-23ca8cb6a709","True",
"plan_replay","measurement","55","11.222","202","efbc99d0-f2a7-4d5b-b373-23ca8cb6a709","True",
"plan_replay","measurement","56","10.92","202","efbc99d0-f2a7-4d5b-b373-23ca8cb6a709","True",
"plan_replay","measurement","57","11.785","202","efbc99d0-f2a7-4d5b-b373-23ca8cb6a709","True",
"plan_replay","measurement","58","10.104","202","efbc99d0-f2a7-4d5b-b373-23ca8cb6a709","True",
"plan_replay","measurement","59","10.226","202","efbc99d0-f2a7-4d5b-b373-23ca8cb6a709","True",
"plan_replay","measurement","60","14.938","202","efbc99d0-f2a7-4d5b-b373-23ca8cb6a709","True",
"plan_replay","measurement","61","20.639","202","efbc99d0-f2a7-4d5b-b373-23ca8cb6a709","True",
"plan_replay","measurement","62","17.441","202","efbc99d0-f2a7-4d5b-b373-23ca8cb6a709","True",
"plan_replay","measurement","63","29.247","202","efbc99d0-f2a7-4d5b-b373-23ca8cb6a709","True",
"plan_replay","measurement","64","19.525","202","efbc99d0-f2a7-4d5b-b373-23ca8cb6a709","True",
"plan_replay","measurement","65","11.905","202","efbc99d0-f2a7-4d5b-b373-23ca8cb6a709","True",
"plan_replay","measurement","66","12.511","202","efbc99d0-f2a7-4d5b-b373-23ca8cb6a709","True",
"plan_replay","measurement","67","11.85","202","efbc99d0-f2a7-4d5b-b373-23ca8cb6a709","True",
"plan_replay","measurement","68","10.734","202","efbc99d0-f2a7-4d5b-b373-23ca8cb6a709","True",
"plan_replay","measurement","69","11.294","202","efbc99d0-f2a7-4d5b-b373-23ca8cb6a709","True",
"plan_replay","measurement","70","10.591","202","efbc99d0-f2a7-4d5b-b373-23ca8cb6a709","True",
"plan_replay","measurement","71","12.756","202","efbc99d0-f2a7-4d5b-b373-23ca8cb6a709","True",
"plan_replay","measurement","72","11.097","202","efbc99d0-f2a7-4d5b-b373-23ca8cb6a709","True",
"plan_replay","measurement","73","9.812","202","efbc99d0-f2a7-4d5b-b373-23ca8cb6a709","True",
"plan_replay","measurement","74","9.141","202","efbc99d0-f2a7-4d5b-b373-23ca8cb6a709","True",
"plan_replay","measurement","75","17.705","202","efbc99d0-f2a7-4d5b-b373-23ca8cb6a709","True",
"plan_replay","measurement","76","14.621","202","efbc99d0-f2a7-4d5b-b373-23ca8cb6a709","True",
"plan_replay","measurement","77","15.039","202","efbc99d0-f2a7-4d5b-b373-23ca8cb6a709","True",
"plan_replay","measurement","78","13.785","202","efbc99d0-f2a7-4d5b-b373-23ca8cb6a709","True",
"plan_replay","measurement","79","15.256","202","efbc99d0-f2a7-4d5b-b373-23ca8cb6a709","True",
"plan_replay","measurement","80","14.779","202","efbc99d0-f2a7-4d5b-b373-23ca8cb6a709","True",
"plan_replay","measurement","81","16.77","202","efbc99d0-f2a7-4d5b-b373-23ca8cb6a709","True",
"plan_replay","measurement","82","12.34","202","efbc99d0-f2a7-4d5b-b373-23ca8cb6a709","True",
"plan_replay","measurement","83","10.901","202","efbc99d0-f2a7-4d5b-b373-23ca8cb6a709","True",
"plan_replay","measurement","84","15.292","202","efbc99d0-f2a7-4d5b-b373-23ca8cb6a709","True",
"plan_replay","measurement","85","11.737","202","efbc99d0-f2a7-4d5b-b373-23ca8cb6a709","True",
"plan_replay","measurement","86","14.053","202","efbc99d0-f2a7-4d5b-b373-23ca8cb6a709","True",
"plan_replay","measurement","87","13.442","202","efbc99d0-f2a7-4d5b-b373-23ca8cb6a709","True",
"plan_replay","measurement","88","11.256","202","efbc99d0-f2a7-4d5b-b373-23ca8cb6a709","True",
"plan_replay","measurement","89","10.181","202","efbc99d0-f2a7-4d5b-b373-23ca8cb6a709","True",
"plan_replay","measurement","90","9.84","202","efbc99d0-f2a7-4d5b-b373-23ca8cb6a709","True",
"plan_replay","measurement","91","9.732","202","efbc99d0-f2a7-4d5b-b373-23ca8cb6a709","True",
"plan_replay","measurement","92","9.456","202","efbc99d0-f2a7-4d5b-b373-23ca8cb6a709","True",
"plan_replay","measurement","93","11.233","202","efbc99d0-f2a7-4d5b-b373-23ca8cb6a709","True",
"plan_replay","measurement","94","11.064","202","efbc99d0-f2a7-4d5b-b373-23ca8cb6a709","True",
"plan_replay","measurement","95","11.636","202","efbc99d0-f2a7-4d5b-b373-23ca8cb6a709","True",
"plan_replay","measurement","96","16.628","202","efbc99d0-f2a7-4d5b-b373-23ca8cb6a709","True",
"plan_replay","measurement","97","9.417","202","efbc99d0-f2a7-4d5b-b373-23ca8cb6a709","True",
"plan_replay","measurement","98","9.58","202","efbc99d0-f2a7-4d5b-b373-23ca8cb6a709","True",
"plan_replay","measurement","99","9.978","202","efbc99d0-f2a7-4d5b-b373-23ca8cb6a709","True",
"plan_replay","measurement","100","9.004","202","efbc99d0-f2a7-4d5b-b373-23ca8cb6a709","True",
"plan_replay","measurement","101","10.384","202","efbc99d0-f2a7-4d5b-b373-23ca8cb6a709","True",
"plan_replay","measurement","102","14.889","202","efbc99d0-f2a7-4d5b-b373-23ca8cb6a709","True",
"plan_replay","measurement","103","11.764","202","efbc99d0-f2a7-4d5b-b373-23ca8cb6a709","True",
"plan_replay","measurement","104","9.278","202","efbc99d0-f2a7-4d5b-b373-23ca8cb6a709","True",
"plan_replay","measurement","105","11.086","202","efbc99d0-f2a7-4d5b-b373-23ca8cb6a709","True",
"plan_replay","measurement","106","9.545","202","efbc99d0-f2a7-4d5b-b373-23ca8cb6a709","True",
"plan_replay","measurement","107","10.273","202","efbc99d0-f2a7-4d5b-b373-23ca8cb6a709","True",
"plan_replay","measurement","108","11.794","202","efbc99d0-f2a7-4d5b-b373-23ca8cb6a709","True",
"plan_replay","measurement","109","11.707","202","efbc99d0-f2a7-4d5b-b373-23ca8cb6a709","True",
"plan_replay","measurement","110","11.701","202","efbc99d0-f2a7-4d5b-b373-23ca8cb6a709","True",
"mock_exam_replay","warmup","1","54.796","202","4cc08062-4a92-4c4e-b7ee-0edd6d2cfb45","True",
"mock_exam_replay","warmup","2","32.304","202","4cc08062-4a92-4c4e-b7ee-0edd6d2cfb45","True",
"mock_exam_replay","warmup","3","28.779","202","4cc08062-4a92-4c4e-b7ee-0edd6d2cfb45","True",
"mock_exam_replay","warmup","4","25.052","202","4cc08062-4a92-4c4e-b7ee-0edd6d2cfb45","True",
"mock_exam_replay","warmup","5","26.769","202","4cc08062-4a92-4c4e-b7ee-0edd6d2cfb45","True",
"mock_exam_replay","warmup","6","22.422","202","4cc08062-4a92-4c4e-b7ee-0edd6d2cfb45","True",
"mock_exam_replay","warmup","7","16.712","202","4cc08062-4a92-4c4e-b7ee-0edd6d2cfb45","True",
"mock_exam_replay","warmup","8","19.64","202","4cc08062-4a92-4c4e-b7ee-0edd6d2cfb45","True",
"mock_exam_replay","warmup","9","20.454","202","4cc08062-4a92-4c4e-b7ee-0edd6d2cfb45","True",
"mock_exam_replay","warmup","10","22.93","202","4cc08062-4a92-4c4e-b7ee-0edd6d2cfb45","True",
"mock_exam_replay","measurement","11","16.806","202","4cc08062-4a92-4c4e-b7ee-0edd6d2cfb45","True",
"mock_exam_replay","measurement","12","17.638","202","4cc08062-4a92-4c4e-b7ee-0edd6d2cfb45","True",
"mock_exam_replay","measurement","13","18.854","202","4cc08062-4a92-4c4e-b7ee-0edd6d2cfb45","True",
"mock_exam_replay","measurement","14","19.088","202","4cc08062-4a92-4c4e-b7ee-0edd6d2cfb45","True",
"mock_exam_replay","measurement","15","22.428","202","4cc08062-4a92-4c4e-b7ee-0edd6d2cfb45","True",
"mock_exam_replay","measurement","16","30.373","202","4cc08062-4a92-4c4e-b7ee-0edd6d2cfb45","True",
"mock_exam_replay","measurement","17","26.472","202","4cc08062-4a92-4c4e-b7ee-0edd6d2cfb45","True",
"mock_exam_replay","measurement","18","21.429","202","4cc08062-4a92-4c4e-b7ee-0edd6d2cfb45","True",
"mock_exam_replay","measurement","19","21.797","202","4cc08062-4a92-4c4e-b7ee-0edd6d2cfb45","True",
"mock_exam_replay","measurement","20","16.438","202","4cc08062-4a92-4c4e-b7ee-0edd6d2cfb45","True",
"mock_exam_replay","measurement","21","16.93","202","4cc08062-4a92-4c4e-b7ee-0edd6d2cfb45","True",
"mock_exam_replay","measurement","22","17.352","202","4cc08062-4a92-4c4e-b7ee-0edd6d2cfb45","True",
"mock_exam_replay","measurement","23","19.718","202","4cc08062-4a92-4c4e-b7ee-0edd6d2cfb45","True",
"mock_exam_replay","measurement","24","29.437","202","4cc08062-4a92-4c4e-b7ee-0edd6d2cfb45","True",
"mock_exam_replay","measurement","25","39.661","202","4cc08062-4a92-4c4e-b7ee-0edd6d2cfb45","True",
"mock_exam_replay","measurement","26","23.852","202","4cc08062-4a92-4c4e-b7ee-0edd6d2cfb45","True",
"mock_exam_replay","measurement","27","24.493","202","4cc08062-4a92-4c4e-b7ee-0edd6d2cfb45","True",
"mock_exam_replay","measurement","28","21.997","202","4cc08062-4a92-4c4e-b7ee-0edd6d2cfb45","True",
"mock_exam_replay","measurement","29","18.575","202","4cc08062-4a92-4c4e-b7ee-0edd6d2cfb45","True",
"mock_exam_replay","measurement","30","23.969","202","4cc08062-4a92-4c4e-b7ee-0edd6d2cfb45","True",
"mock_exam_replay","measurement","31","20.034","202","4cc08062-4a92-4c4e-b7ee-0edd6d2cfb45","True",
"mock_exam_replay","measurement","32","14.86","202","4cc08062-4a92-4c4e-b7ee-0edd6d2cfb45","True",
"mock_exam_replay","measurement","33","17.71","202","4cc08062-4a92-4c4e-b7ee-0edd6d2cfb45","True",
"mock_exam_replay","measurement","34","13.93","202","4cc08062-4a92-4c4e-b7ee-0edd6d2cfb45","True",
"mock_exam_replay","measurement","35","21.557","202","4cc08062-4a92-4c4e-b7ee-0edd6d2cfb45","True",
"mock_exam_replay","measurement","36","11.074","202","4cc08062-4a92-4c4e-b7ee-0edd6d2cfb45","True",
"mock_exam_replay","measurement","37","15.961","202","4cc08062-4a92-4c4e-b7ee-0edd6d2cfb45","True",
"mock_exam_replay","measurement","38","13.74","202","4cc08062-4a92-4c4e-b7ee-0edd6d2cfb45","True",
"mock_exam_replay","measurement","39","14.518","202","4cc08062-4a92-4c4e-b7ee-0edd6d2cfb45","True",
"mock_exam_replay","measurement","40","13.734","202","4cc08062-4a92-4c4e-b7ee-0edd6d2cfb45","True",
"mock_exam_replay","measurement","41","11.161","202","4cc08062-4a92-4c4e-b7ee-0edd6d2cfb45","True",
"mock_exam_replay","measurement","42","10.663","202","4cc08062-4a92-4c4e-b7ee-0edd6d2cfb45","True",
"mock_exam_replay","measurement","43","11.178","202","4cc08062-4a92-4c4e-b7ee-0edd6d2cfb45","True",
"mock_exam_replay","measurement","44","13.009","202","4cc08062-4a92-4c4e-b7ee-0edd6d2cfb45","True",
"mock_exam_replay","measurement","45","10.8","202","4cc08062-4a92-4c4e-b7ee-0edd6d2cfb45","True",
"mock_exam_replay","measurement","46","14.494","202","4cc08062-4a92-4c4e-b7ee-0edd6d2cfb45","True",
"mock_exam_replay","measurement","47","14.631","202","4cc08062-4a92-4c4e-b7ee-0edd6d2cfb45","True",
"mock_exam_replay","measurement","48","11.263","202","4cc08062-4a92-4c4e-b7ee-0edd6d2cfb45","True",
"mock_exam_replay","measurement","49","12.284","202","4cc08062-4a92-4c4e-b7ee-0edd6d2cfb45","True",
"mock_exam_replay","measurement","50","16.692","202","4cc08062-4a92-4c4e-b7ee-0edd6d2cfb45","True",
"mock_exam_replay","measurement","51","23.666","202","4cc08062-4a92-4c4e-b7ee-0edd6d2cfb45","True",
"mock_exam_replay","measurement","52","16.501","202","4cc08062-4a92-4c4e-b7ee-0edd6d2cfb45","True",
"mock_exam_replay","measurement","53","11.478","202","4cc08062-4a92-4c4e-b7ee-0edd6d2cfb45","True",
"mock_exam_replay","measurement","54","11.758","202","4cc08062-4a92-4c4e-b7ee-0edd6d2cfb45","True",
"mock_exam_replay","measurement","55","10.637","202","4cc08062-4a92-4c4e-b7ee-0edd6d2cfb45","True",
"mock_exam_replay","measurement","56","12.078","202","4cc08062-4a92-4c4e-b7ee-0edd6d2cfb45","True",
"mock_exam_replay","measurement","57","10.177","202","4cc08062-4a92-4c4e-b7ee-0edd6d2cfb45","True",
"mock_exam_replay","measurement","58","11.222","202","4cc08062-4a92-4c4e-b7ee-0edd6d2cfb45","True",
"mock_exam_replay","measurement","59","11.238","202","4cc08062-4a92-4c4e-b7ee-0edd6d2cfb45","True",
"mock_exam_replay","measurement","60","10.431","202","4cc08062-4a92-4c4e-b7ee-0edd6d2cfb45","True",
"mock_exam_replay","measurement","61","10.588","202","4cc08062-4a92-4c4e-b7ee-0edd6d2cfb45","True",
"mock_exam_replay","measurement","62","10.566","202","4cc08062-4a92-4c4e-b7ee-0edd6d2cfb45","True",
"mock_exam_replay","measurement","63","12.156","202","4cc08062-4a92-4c4e-b7ee-0edd6d2cfb45","True",
"mock_exam_replay","measurement","64","11.766","202","4cc08062-4a92-4c4e-b7ee-0edd6d2cfb45","True",
"mock_exam_replay","measurement","65","11.089","202","4cc08062-4a92-4c4e-b7ee-0edd6d2cfb45","True",
"mock_exam_replay","measurement","66","11.152","202","4cc08062-4a92-4c4e-b7ee-0edd6d2cfb45","True",
"mock_exam_replay","measurement","67","11.36","202","4cc08062-4a92-4c4e-b7ee-0edd6d2cfb45","True",
"mock_exam_replay","measurement","68","12.291","202","4cc08062-4a92-4c4e-b7ee-0edd6d2cfb45","True",
"mock_exam_replay","measurement","69","15.073","202","4cc08062-4a92-4c4e-b7ee-0edd6d2cfb45","True",
"mock_exam_replay","measurement","70","16.524","202","4cc08062-4a92-4c4e-b7ee-0edd6d2cfb45","True",
"mock_exam_replay","measurement","71","11.091","202","4cc08062-4a92-4c4e-b7ee-0edd6d2cfb45","True",
"mock_exam_replay","measurement","72","10.846","202","4cc08062-4a92-4c4e-b7ee-0edd6d2cfb45","True",
"mock_exam_replay","measurement","73","12.158","202","4cc08062-4a92-4c4e-b7ee-0edd6d2cfb45","True",
"mock_exam_replay","measurement","74","12.956","202","4cc08062-4a92-4c4e-b7ee-0edd6d2cfb45","True",
"mock_exam_replay","measurement","75","15.948","202","4cc08062-4a92-4c4e-b7ee-0edd6d2cfb45","True",
"mock_exam_replay","measurement","76","15.974","202","4cc08062-4a92-4c4e-b7ee-0edd6d2cfb45","True",
"mock_exam_replay","measurement","77","16.642","202","4cc08062-4a92-4c4e-b7ee-0edd6d2cfb45","True",
"mock_exam_replay","measurement","78","11.015","202","4cc08062-4a92-4c4e-b7ee-0edd6d2cfb45","True",
"mock_exam_replay","measurement","79","18.731","202","4cc08062-4a92-4c4e-b7ee-0edd6d2cfb45","True",
"mock_exam_replay","measurement","80","12.448","202","4cc08062-4a92-4c4e-b7ee-0edd6d2cfb45","True",
"mock_exam_replay","measurement","81","12.287","202","4cc08062-4a92-4c4e-b7ee-0edd6d2cfb45","True",
"mock_exam_replay","measurement","82","14.139","202","4cc08062-4a92-4c4e-b7ee-0edd6d2cfb45","True",
"mock_exam_replay","measurement","83","15.208","202","4cc08062-4a92-4c4e-b7ee-0edd6d2cfb45","True",
"mock_exam_replay","measurement","84","12.213","202","4cc08062-4a92-4c4e-b7ee-0edd6d2cfb45","True",
"mock_exam_replay","measurement","85","13.351","202","4cc08062-4a92-4c4e-b7ee-0edd6d2cfb45","True",
"mock_exam_replay","measurement","86","11.567","202","4cc08062-4a92-4c4e-b7ee-0edd6d2cfb45","True",
"mock_exam_replay","measurement","87","12.464","202","4cc08062-4a92-4c4e-b7ee-0edd6d2cfb45","True",
"mock_exam_replay","measurement","88","11.628","202","4cc08062-4a92-4c4e-b7ee-0edd6d2cfb45","True",
"mock_exam_replay","measurement","89","11.049","202","4cc08062-4a92-4c4e-b7ee-0edd6d2cfb45","True",
"mock_exam_replay","measurement","90","13.161","202","4cc08062-4a92-4c4e-b7ee-0edd6d2cfb45","True",
"mock_exam_replay","measurement","91","12.164","202","4cc08062-4a92-4c4e-b7ee-0edd6d2cfb45","True",
"mock_exam_replay","measurement","92","16.352","202","4cc08062-4a92-4c4e-b7ee-0edd6d2cfb45","True",
"mock_exam_replay","measurement","93","14.577","202","4cc08062-4a92-4c4e-b7ee-0edd6d2cfb45","True",
"mock_exam_replay","measurement","94","16.176","202","4cc08062-4a92-4c4e-b7ee-0edd6d2cfb45","True",
"mock_exam_replay","measurement","95","15.761","202","4cc08062-4a92-4c4e-b7ee-0edd6d2cfb45","True",
"mock_exam_replay","measurement","96","12.163","202","4cc08062-4a92-4c4e-b7ee-0edd6d2cfb45","True",
"mock_exam_replay","measurement","97","11.957","202","4cc08062-4a92-4c4e-b7ee-0edd6d2cfb45","True",
"mock_exam_replay","measurement","98","11.234","202","4cc08062-4a92-4c4e-b7ee-0edd6d2cfb45","True",
"mock_exam_replay","measurement","99","12.076","202","4cc08062-4a92-4c4e-b7ee-0edd6d2cfb45","True",
"mock_exam_replay","measurement","100","14.521","202","4cc08062-4a92-4c4e-b7ee-0edd6d2cfb45","True",
"mock_exam_replay","measurement","101","11.184","202","4cc08062-4a92-4c4e-b7ee-0edd6d2cfb45","True",
"mock_exam_replay","measurement","102","14.089","202","4cc08062-4a92-4c4e-b7ee-0edd6d2cfb45","True",
"mock_exam_replay","measurement","103","18.736","202","4cc08062-4a92-4c4e-b7ee-0edd6d2cfb45","True",
"mock_exam_replay","measurement","104","14.92","202","4cc08062-4a92-4c4e-b7ee-0edd6d2cfb45","True",
"mock_exam_replay","measurement","105","23.577","202","4cc08062-4a92-4c4e-b7ee-0edd6d2cfb45","True",
"mock_exam_replay","measurement","106","14.704","202","4cc08062-4a92-4c4e-b7ee-0edd6d2cfb45","True",
"mock_exam_replay","measurement","107","32.401","202","4cc08062-4a92-4c4e-b7ee-0edd6d2cfb45","True",
"mock_exam_replay","measurement","108","15.644","202","4cc08062-4a92-4c4e-b7ee-0edd6d2cfb45","True",
"mock_exam_replay","measurement","109","14.308","202","4cc08062-4a92-4c4e-b7ee-0edd6d2cfb45","True",
"mock_exam_replay","measurement","110","12.078","202","4cc08062-4a92-4c4e-b7ee-0edd6d2cfb45","True",
