"task_id","material_id","duplicate_load","message_id","published"
"706c91dc-f649-4495-8374-e43a2f539640","ba276340-e803-42f3-9b5f-65f3a3a7e043","1","843f6abf-3998-46db-8f50-fc816c208c8f","1"
"706c91dc-f649-4495-8374-e43a2f539640","ba276340-e803-42f3-9b5f-65f3a3a7e043","5","32a183d4-b547-4815-9d9f-d13694cfb6be","5"
"706c91dc-f649-4495-8374-e43a2f539640","ba276340-e803-42f3-9b5f-65f3a3a7e043","10","a82e5a85-617f-48f4-a9f3-d89c1ab17c1e","10"
"706c91dc-f649-4495-8374-e43a2f539640","ba276340-e803-42f3-9b5f-65f3a3a7e043","20","57470ccf-fe45-4472-85fb-561e693525d8","20"
"f1789a2f-afbd-402c-846a-85c3d9de418d","4ac894ff-212a-45f2-a017-0b01d56020dc","1","dff13b90-13e6-4f5d-a7be-faf5842adf61","1"
"f1789a2f-afbd-402c-846a-85c3d9de418d","4ac894ff-212a-45f2-a017-0b01d56020dc","5","b0e16d4d-3091-47a4-87fd-c806daba97d4","5"
"f1789a2f-afbd-402c-846a-85c3d9de418d","4ac894ff-212a-45f2-a017-0b01d56020dc","10","3d3e5066-ea86-4fa4-bbf8-6ee9fe99c59f","10"
"f1789a2f-afbd-402c-846a-85c3d9de418d","4ac894ff-212a-45f2-a017-0b01d56020dc","20","f0fd7a37-bdfc-4729-80d8-af6ada910022","20"
"6f4fb138-7d89-48f1-bed2-4436ef473a40","cf32e32e-c660-42ff-a216-deef534ea7e1","1","fe3d463e-f7c4-4554-83a3-f0dd4cf3a21e","1"
"6f4fb138-7d89-48f1-bed2-4436ef473a40","cf32e32e-c660-42ff-a216-deef534ea7e1","5","3e8d1def-c0f6-4dec-ae00-2f30bed9ad01","5"
"6f4fb138-7d89-48f1-bed2-4436ef473a40","cf32e32e-c660-42ff-a216-deef534ea7e1","10","fe0c4022-52a7-40f9-a55d-408df48691a0","10"
"6f4fb138-7d89-48f1-bed2-4436ef473a40","cf32e32e-c660-42ff-a216-deef534ea7e1","20","1bc169fa-919e-4f3d-bd45-2b79b1b1e364","20"
"6c804d9d-8a44-46d2-a730-20ab2aeac966","c8c64274-ab21-407a-b802-0bba4ac38918","1","289ee83d-ed28-4b32-9218-a8c06ab36354","1"
"6c804d9d-8a44-46d2-a730-20ab2aeac966","c8c64274-ab21-407a-b802-0bba4ac38918","5","189a24e7-83cf-4fc6-b4c7-4ea31c1e492e","5"
"6c804d9d-8a44-46d2-a730-20ab2aeac966","c8c64274-ab21-407a-b802-0bba4ac38918","10","bb243419-fbe6-4039-bf35-5ad3e88c330d","10"
"6c804d9d-8a44-46d2-a730-20ab2aeac966","c8c64274-ab21-407a-b802-0bba4ac38918","20","49e69e2b-1f20-49e7-9775-6ac647ed2592","20"
"1cdd57fa-763e-4d26-915d-19b958d4ba3f","51e03fb9-dd57-4d8b-a923-6798c4109895","1","0a19d555-3af0-4325-a389-49f2c819b449","1"
"1cdd57fa-763e-4d26-915d-19b958d4ba3f","51e03fb9-dd57-4d8b-a923-6798c4109895","5","3e3d1da6-64f8-48ab-bfb5-560298b5bd88","5"
"1cdd57fa-763e-4d26-915d-19b958d4ba3f","51e03fb9-dd57-4d8b-a923-6798c4109895","10","6568e785-832d-4c36-bc29-13dc8a9000a7","10"
"1cdd57fa-763e-4d26-915d-19b958d4ba3f","51e03fb9-dd57-4d8b-a923-6798c4109895","20","1c0d86fd-eceb-4389-9c38-80574194b679","20"
